feature,metadata,value,coef,stderr,N,N.not.0,pval,qval
GGB4260,NEC_status,Control,-0.399492068591265,0.195914850779852,1825,94,0.0435683082765774,0.144463337969704
Serratia,NEC_status,Control,-1.22832675913294,0.648601684085728,1825,165,0.0607733035095927,0.183347064954292
Klebsiella,NEC_status,Control,-1.76101909820035,1.00340163498457,1825,685,0.081759417791438,0.214618471702525
Staphylococcus,NEC_status,Control,1.2850885234307,0.743202087942566,1825,1547,0.0863368917873095,0.22389058378743
Streptococcus,NEC_status,Control,-1.42178939691199,0.858789877106681,1825,759,0.100458525437827,0.249053427647945
Serratia_marcescens,NEC_status,Control,-1.43978963093748,0.583556854853797,1825,138,0.0150678572646008,0.0782882235356472
Klebsiella_pneumoniae,NEC_status,Control,-1.69882792084999,0.843910079985106,1825,409,0.046272441262791,0.174103626446757
